INSERT INTO GOODS (GOODS_ID, PHOTO_URL, NAME, PRICE, CREATE_TIME, INTRODUCE) VALUES (2, '/Users/heng/java学习/ipad2.jfif', 'ipad2', '1900', null, null);
INSERT INTO GOODS (GOODS_ID, PHOTO_URL, NAME, PRICE, CREATE_TIME, INTRODUCE) VALUES (5, null, '小米6', '2499', '2017-06-09 00:07:25.000000', '小米6变焦双摄拍人更美');
INSERT INTO GOODS (GOODS_ID, PHOTO_URL, NAME, PRICE, CREATE_TIME, INTRODUCE) VALUES (7, null, '小米5c', '1499', '2017-06-10 11:16:20.000000', '搭载澎湃S1 八核高性能处理器 / “暗夜之眼”超感光相机 / 135g 轻薄金属机身 / 5.15\"高亮护眼屏');
INSERT INTO PERMISSION (PERMISSION_ID, PERMISSION_NAME, CREATE_TIME, UPDATE_TIME, PERMISSION_MENU, PARENT_PERMISSION_ID, IS_DIR, ORDER_NO) VALUES (3, '用户管理', '2018-07-14 12:28:25.000000', '2018-07-14 12:28:25.000000', 'admin/user.html', 7, 'N', 1);
INSERT INTO PERMISSION (PERMISSION_ID, PERMISSION_NAME, CREATE_TIME, UPDATE_TIME, PERMISSION_MENU, PARENT_PERMISSION_ID, IS_DIR, ORDER_NO) VALUES (4, '用户角色管理', '2018-07-14 12:28:25.000000', '2018-07-14 12:28:25.000000', 'admin/userRole.html', 7, 'N', 2);
INSERT INTO PERMISSION (PERMISSION_ID, PERMISSION_NAME, CREATE_TIME, UPDATE_TIME, PERMISSION_MENU, PARENT_PERMISSION_ID, IS_DIR, ORDER_NO) VALUES (5, '权限管理', '2018-07-14 12:28:25.000000', '2018-07-14 12:28:25.000000', 'admin/permission.html', 7, 'N', 3);
INSERT INTO PERMISSION (PERMISSION_ID, PERMISSION_NAME, CREATE_TIME, UPDATE_TIME, PERMISSION_MENU, PARENT_PERMISSION_ID, IS_DIR, ORDER_NO) VALUES (6, '角色管理', '2018-07-14 12:28:25.000000', '2018-07-14 12:28:25.000000', 'admin/role.html', 7, 'N', 4);
INSERT INTO PERMISSION (PERMISSION_ID, PERMISSION_NAME, CREATE_TIME, UPDATE_TIME, PERMISSION_MENU, PARENT_PERMISSION_ID, IS_DIR, ORDER_NO) VALUES (7, '用户角色权限管理', '2018-07-14 12:28:25.000000', '2018-07-14 12:28:25.000000', 'admin', null, 'Y', 0);
INSERT INTO ROLE (ROLE_ID, ROLE_NAME, CREATE_TIME, UPDATE_TIME) VALUES (1, '管理员', '2018-07-14 12:29:38.000000', '2018-07-14 12:29:28.000000');
INSERT INTO ROLE (ROLE_ID, ROLE_NAME, CREATE_TIME, UPDATE_TIME) VALUES (2, '库存操作员', '2018-07-14 12:29:38.000000', '2018-07-14 12:29:38.000000');
INSERT INTO ROLE (ROLE_ID, ROLE_NAME, CREATE_TIME, UPDATE_TIME) VALUES (7, '商品管理员', '2018-07-15 20:29:27.000000', '2018-07-15 20:29:27.000000');
INSERT INTO ROLE (ROLE_ID, ROLE_NAME, CREATE_TIME, UPDATE_TIME) VALUES (8, '秒杀管理员', '2018-07-15 20:29:27.000000', '2018-07-15 20:29:27.000000');
INSERT INTO ROLE_PERMISSION (ID, PERMISSION_ID, ROLE_ID, CREATE_TIME, UPDATE_TIME) VALUES (31, 7, 8, '2018-07-25 21:53:28.000000', '2018-07-25 21:53:28.000000');
INSERT INTO ROLE_PERMISSION (ID, PERMISSION_ID, ROLE_ID, CREATE_TIME, UPDATE_TIME) VALUES (32, 3, 8, '2018-07-25 21:53:28.000000', '2018-07-25 21:53:28.000000');
INSERT INTO ROLE_PERMISSION (ID, PERMISSION_ID, ROLE_ID, CREATE_TIME, UPDATE_TIME) VALUES (33, 4, 8, '2018-07-25 21:53:28.000000', '2018-07-25 21:53:28.000000');
INSERT INTO ROLE_PERMISSION (ID, PERMISSION_ID, ROLE_ID, CREATE_TIME, UPDATE_TIME) VALUES (34, 5, 8, '2018-07-25 21:53:28.000000', '2018-07-25 21:53:28.000000');
INSERT INTO ROLE_PERMISSION (ID, PERMISSION_ID, ROLE_ID, CREATE_TIME, UPDATE_TIME) VALUES (35, 6, 8, '2018-07-25 21:53:28.000000', '2018-07-25 21:53:28.000000');
INSERT INTO ROLE_PERMISSION (ID, PERMISSION_ID, ROLE_ID, CREATE_TIME, UPDATE_TIME) VALUES (36, 7, 2, '2018-07-25 21:53:47.000000', '2018-07-25 21:53:47.000000');
INSERT INTO ROLE_PERMISSION (ID, PERMISSION_ID, ROLE_ID, CREATE_TIME, UPDATE_TIME) VALUES (37, 3, 2, '2018-07-25 21:53:47.000000', '2018-07-25 21:53:47.000000');
INSERT INTO ROLE_PERMISSION (ID, PERMISSION_ID, ROLE_ID, CREATE_TIME, UPDATE_TIME) VALUES (38, 4, 2, '2018-07-25 21:53:47.000000', '2018-07-25 21:53:47.000000');
INSERT INTO ROLE_PERMISSION (ID, PERMISSION_ID, ROLE_ID, CREATE_TIME, UPDATE_TIME) VALUES (39, 5, 2, '2018-07-25 21:53:47.000000', '2018-07-25 21:53:47.000000');
INSERT INTO ROLE_PERMISSION (ID, PERMISSION_ID, ROLE_ID, CREATE_TIME, UPDATE_TIME) VALUES (40, 6, 2, '2018-07-25 21:53:47.000000', '2018-07-25 21:53:47.000000');
INSERT INTO ROLE_PERMISSION (ID, PERMISSION_ID, ROLE_ID, CREATE_TIME, UPDATE_TIME) VALUES (41, 7, 7, '2018-07-25 21:53:49.000000', '2018-07-25 21:53:49.000000');
INSERT INTO ROLE_PERMISSION (ID, PERMISSION_ID, ROLE_ID, CREATE_TIME, UPDATE_TIME) VALUES (42, 3, 7, '2018-07-25 21:53:49.000000', '2018-07-25 21:53:49.000000');
INSERT INTO ROLE_PERMISSION (ID, PERMISSION_ID, ROLE_ID, CREATE_TIME, UPDATE_TIME) VALUES (43, 4, 7, '2018-07-25 21:53:49.000000', '2018-07-25 21:53:49.000000');
INSERT INTO ROLE_PERMISSION (ID, PERMISSION_ID, ROLE_ID, CREATE_TIME, UPDATE_TIME) VALUES (44, 5, 7, '2018-07-25 21:53:49.000000', '2018-07-25 21:53:49.000000');
INSERT INTO ROLE_PERMISSION (ID, PERMISSION_ID, ROLE_ID, CREATE_TIME, UPDATE_TIME) VALUES (45, 6, 7, '2018-07-25 21:53:49.000000', '2018-07-25 21:53:49.000000');
INSERT INTO ROLE_PERMISSION (ID, PERMISSION_ID, ROLE_ID, CREATE_TIME, UPDATE_TIME) VALUES (51, 7, 1, '2018-08-19 19:40:54.000000', '2018-08-19 19:40:54.000000');
INSERT INTO ROLE_PERMISSION (ID, PERMISSION_ID, ROLE_ID, CREATE_TIME, UPDATE_TIME) VALUES (52, 3, 1, '2018-08-19 19:40:54.000000', '2018-08-19 19:40:54.000000');
INSERT INTO ROLE_PERMISSION (ID, PERMISSION_ID, ROLE_ID, CREATE_TIME, UPDATE_TIME) VALUES (53, 4, 1, '2018-08-19 19:40:54.000000', '2018-08-19 19:40:54.000000');
INSERT INTO ROLE_PERMISSION (ID, PERMISSION_ID, ROLE_ID, CREATE_TIME, UPDATE_TIME) VALUES (54, 5, 1, '2018-08-19 19:40:54.000000', '2018-08-19 19:40:54.000000');
INSERT INTO ROLE_PERMISSION (ID, PERMISSION_ID, ROLE_ID, CREATE_TIME, UPDATE_TIME) VALUES (55, 6, 1, '2018-08-19 19:40:54.000000', '2018-08-19 19:40:54.000000');
INSERT INTO SECKILL (SECKILL_ID, NAME, NUMBER, START_TIME, END_TIME, CREATE_TIME, GOODS_ID, PRICE, STATUS, CREATE_USER) VALUES (1000, 'iphone6', 1247, '2017-07-03 23:19:00.000000', '2027-06-25 00:00:00.000000', '2016-06-24 19:46:06.000000', 1, 8000000.00, null, null);
INSERT INTO SECKILL (SECKILL_ID, NAME, NUMBER, START_TIME, END_TIME, CREATE_TIME, GOODS_ID, PRICE, STATUS, CREATE_USER) VALUES (1001, 'ipad2', 0, '2018-08-19 22:25:35.000000', '2027-06-25 12:00:00.000000', '2016-06-24 19:46:06.000000', 2, 3000.00, '2', null);
INSERT INTO SECKILL (SECKILL_ID, NAME, NUMBER, START_TIME, END_TIME, CREATE_TIME, GOODS_ID, PRICE, STATUS, CREATE_USER) VALUES (1002, '小米4', 100, '2018-08-19 22:30:22.000000', '2027-06-25 12:00:00.000000', '2016-06-24 19:46:06.000000', 3, 1000.00, '1', null);
INSERT INTO SECKILL (SECKILL_ID, NAME, NUMBER, START_TIME, END_TIME, CREATE_TIME, GOODS_ID, PRICE, STATUS, CREATE_USER) VALUES (1003, '红米note', 9, '2018-08-19 22:25:40.000000', '2027-06-25 12:00:00.000000', '2016-06-24 19:46:06.000000', 4, 400.00, '1', null);
INSERT INTO SECKILL (SECKILL_ID, NAME, NUMBER, START_TIME, END_TIME, CREATE_TIME, GOODS_ID, PRICE, STATUS, CREATE_USER) VALUES (1004, '小米6', 10, '2018-08-19 22:25:44.000000', '2027-06-25 12:00:00.000000', '2017-06-09 00:13:54.000000', 5, 2000.00, '1', null);
INSERT INTO SECKILL (SECKILL_ID, NAME, NUMBER, START_TIME, END_TIME, CREATE_TIME, GOODS_ID, PRICE, STATUS, CREATE_USER) VALUES (1005, '小米max2', 1000, '2018-08-19 22:25:45.000000', '2027-06-25 12:00:00.000000', '2017-06-10 11:14:49.000000', 6, 1499.00, null, null);
INSERT INTO SECKILL (SECKILL_ID, NAME, NUMBER, START_TIME, END_TIME, CREATE_TIME, GOODS_ID, PRICE, STATUS, CREATE_USER) VALUES (1006, '小米5c', 100, '2018-08-19 22:25:47.000000', '2027-06-25 12:00:00.000000', '2017-06-10 11:16:48.000000', 7, 1299.00, null, null);
INSERT INTO USER_H2 (ID, ACCOUNT, PASSWORD, CREATE_TIME, UPDATE_TIME, USERNAME, LOCKED) VALUES (14, 'test01', 'fad7b1af11bc7132037e94b8291a5ed3', '2016-12-18 17:53:26.000000', '2017-06-17 14:46:21.000000', null, '0');
INSERT INTO USER_H2 (ID, ACCOUNT, PASSWORD, CREATE_TIME, UPDATE_TIME, USERNAME, LOCKED) VALUES (15, 'test02', '7dae8fa826b9f038780a288831b52acd', '2018-07-14 21:25:50.000000', '2018-07-14 21:25:50.000000', null, '0');
INSERT INTO USER_H2 (ID, ACCOUNT, PASSWORD, CREATE_TIME, UPDATE_TIME, USERNAME, LOCKED) VALUES (21, 'admin123', 'b9cd5964cd1dda92e2335cbfbee3ecc0', '2018-07-21 21:43:47.000000', '2018-07-21 21:43:47.000000', 'admin123', '0');
INSERT INTO USER_ROLE (ID, USER_ID, ROLE_ID, CREATE_TIME, UPDATE_TIME) VALUES (60, 15, 1, '2018-07-24 14:43:18.000000', '2018-07-24 14:43:18.000000');
INSERT INTO USER_ROLE (ID, USER_ID, ROLE_ID, CREATE_TIME, UPDATE_TIME) VALUES (61, 15, 2, '2018-07-24 14:43:18.000000', '2018-07-24 14:43:18.000000');
INSERT INTO USER_ROLE (ID, USER_ID, ROLE_ID, CREATE_TIME, UPDATE_TIME) VALUES (62, 15, 7, '2018-07-24 14:43:18.000000', '2018-07-24 14:43:18.000000');
INSERT INTO USER_ROLE (ID, USER_ID, ROLE_ID, CREATE_TIME, UPDATE_TIME) VALUES (63, 15, 8, '2018-07-24 14:43:18.000000', '2018-07-24 14:43:18.000000');
INSERT INTO USER_ROLE (ID, USER_ID, ROLE_ID, CREATE_TIME, UPDATE_TIME) VALUES (64, 21, 1, '2018-07-24 14:43:21.000000', '2018-07-24 14:43:21.000000');
INSERT INTO USER_ROLE (ID, USER_ID, ROLE_ID, CREATE_TIME, UPDATE_TIME) VALUES (65, 21, 2, '2018-07-24 14:43:21.000000', '2018-07-24 14:43:21.000000');
INSERT INTO USER_ROLE (ID, USER_ID, ROLE_ID, CREATE_TIME, UPDATE_TIME) VALUES (66, 21, 7, '2018-07-24 14:43:21.000000', '2018-07-24 14:43:21.000000');
INSERT INTO USER_ROLE (ID, USER_ID, ROLE_ID, CREATE_TIME, UPDATE_TIME) VALUES (67, 21, 8, '2018-07-24 14:43:21.000000', '2018-07-24 14:43:21.000000');
INSERT INTO USER_ROLE (ID, USER_ID, ROLE_ID, CREATE_TIME, UPDATE_TIME) VALUES (80, 14, 1, '2018-08-19 19:40:36.000000', '2018-08-19 19:40:36.000000');
INSERT INTO USER_ROLE (ID, USER_ID, ROLE_ID, CREATE_TIME, UPDATE_TIME) VALUES (81, 14, 2, '2018-08-19 19:40:36.000000', '2018-08-19 19:40:36.000000');
INSERT INTO USER_ROLE (ID, USER_ID, ROLE_ID, CREATE_TIME, UPDATE_TIME) VALUES (82, 14, 7, '2018-08-19 19:40:36.000000', '2018-08-19 19:40:36.000000');
INSERT INTO USER_ROLE (ID, USER_ID, ROLE_ID, CREATE_TIME, UPDATE_TIME) VALUES (83, 14, 8, '2018-08-19 19:40:36.000000', '2018-08-19 19:40:36.000000');
